{"cameraMode":{"drawMode":0,"name":"Shaded","section":"Shading Mode"},"sceneLighting":false,"audioPlay":false,"sceneViewState":{"m_AlwaysRefresh":false,"showFog":true,"showSkybox":false,"showFlares":true,"showImageEffects":true,"showParticleSystems":true,"showVisualEffectGraphs":true,"m_FxEnabled":true},"in2DMode":false,"pivot":{"x":1.2699999809265137,"y":3.0000007152557375,"z":1.9500000476837159},"rotation":{"x":-0.05373969301581383,"y":-0.6076834201812744,"z":0.041270025074481967,"w":-0.7912863492965698},"size":1.2804328203201295,"orthographic":false}