{"cameraMode":{"drawMode":0,"name":"Shaded","section":"Shading Mode"},"sceneLighting":false,"audioPlay":false,"sceneViewState":{"m_AlwaysRefresh":false,"showFog":true,"showSkybox":false,"showFlares":true,"showImageEffects":true,"showParticleSystems":true,"showVisualEffectGraphs":true,"m_FxEnabled":true},"in2DMode":false,"pivot":{"x":4.0671067237854,"y":1.3730123043060303,"z":1.2685933113098145},"rotation":{"x":-0.03978949412703514,"y":-0.22087770700454713,"z":0.009018626995384694,"w":-0.9744508266448975},"size":1.4253488779067994,"orthographic":false}